{
  "1415916713802731580-1387246215862681650": {
    "coins": 1000,
    "accepted": false,
    "last_bet": 0,
    "last_daily": 0,
    "xp": 15,
    "level": 1,
    "last_xp": 1770147255.2938614
  },
  "1415916713802731580-1396780398205206579": {
    "coins": 1000,
    "accepted": false,
    "last_bet": 0,
    "last_daily": 0,
    "xp": 19,
    "level": 1,
    "last_xp": 1770148142.3804214
  }
}